SNR, RMSE, NMSE, prob
1, 10.0, -7.871769929866803, 0.0
2, 10.0, -7.871769929866803, 0.0
3, 10.0, -7.871769929866803, 0.0
4, 10.0, -7.871769929866803, 0.0
5, 10.0, -7.871769929866803, 0.0
6, 10.0, -7.871769929866803, 0.0
7, 10.0, -7.871769929866803, 0.0
8, 10.0, -7.871769929866803, 0.0
9, 10.0, -7.871769929866803, 0.0
10, 10.0, -7.871769929866803, 0.0
